codcnh,nombre_centro,provincia_cd,ccaa_cd
040010,HOSPITAL UNIVERSITARIO TORRECARDENAS,04,01
040031,HOSPITAL DE  LA CRUZ ROJA DE ALMERIA,04,01
110327,HOSPITAL UNIVERSITARIO PUERTA DEL MAR,11,01
110305,HOSPITAL SAN  CARLOS DE SAN FERNANDO,11,01
140230,HOSPITAL UNIVERSITARIO REINA SOFIA,14,01
140060,HOSPITAL PROVINCIAL,14,01
140039,HOSPITAL LOS MORALES,14,01
140044,HOSPITAL MATERNO - INFANTIL DEL H.U. REINA SOFIA,14,01
180016,HOSPITAL UNIVERSITARIO VIRGEN DE LAS NIEVES,18,01
180166,HOSPITAL MATERNO-INFANTIL DEL H.U. VIRGEN DE LAS NIEVES,18,01
180042,HOSPITAL  DE NEUROTRAUMATOLOGIA Y REHABILITACION DEL H.U. VIRGEN DE LAS NIEVES,18,01
210123,HOSPITAL UNIVERSITARIO JUAN RAMON JIMENEZ,21,01
210031,HOSPITAL VAZQUEZ  DIAZ,21,01
230011,HOSPITAL UNIVERSITARIO DE JAEN,23,01
230047,HOSPITAL NEUROTRAUMATOLOGICO DEL H.U. DE JAEN,23,01
230026,HOSPITAL DOCTOR  SAGAZ,23,01
230151,HOSPITAL MATERNO-INFANTIL DEL H.U. DE JAEN,23,01
040084,HOSPITAL LA INMACULADA,04,01
040118,HOSPITAL DE PONIENTE,04,01
040101,HOSPITAL  MEDITERRANEO,04,01
040127,HOSPITAL DE ALTA RESOLUCION ELTOYO,04,01
110271,CLINICA SERMAN - INSTITUTO MEDICO,11,01
110162,HOSPITAL GENERAL SANTA MARIA DEL PUERTO,11,01
110125,HOSPITAL SAN  JUAN GRANDE,11,01
110051,HOSPITAL SAN RAFAEL,11,01
110259,HOSPITAL PUNTA DE EUROPA,11,01
110110,HOSPITAL UNIVERSITARIO DE JEREZ DE LA FRONTERA,11,01
110184,HOSPITAL UNIVERSITARIO DE PUERTO REAL,11,01
110048,CLINICA LA SALUD,11,01
110218,HOSPITAL VIRGEN DE LAS MONTAÑAS,11,01
110223,HOSPITAL VIRGEN DEL CAMINO,11,01
110239,HOSPITAL JEREZ PUERTA DEL SUR,11,01
110103,CLINICA LOS ALAMOS,11,01
110260,HOSPITAL VIAMED NOVO SANCTI PETRI,11,01
110248,HOSPITAL VIAMED BAHIA DE CADIZ,11,01
110282,HOSPITAL QUIRON CAMPO DE GIBRALTAR,11,01
110316,HOSPITAL DE LA LINEA DE LA CONCEPCION,11,01
140116,HOSPITAL INFANTA  MARGARITA,14,01
140121,HOSPITAL  VALLE DE LOS PEDROCHES,14,01
140082,HOSPITAL SAN JUAN DE DIOS DE CORDOBA,14,01
140076,HOSPITAL CRUZ ROJA DE CORDOBA,14,01
140195,HOSPITAL DE MONTILLA,14,01
140218,HOSPITAL DE ALTA RESOLUCION  DE PUENTE GENIL,14,01
140229,HOSPITAL DE ALTA RESOLUCION VALLE DEL GUADIATO,14,01
140241,HOSPITAL QUIRONSALUD CORDOBA,14,01
180074,HOSPITAL DE LA INMACULADA CONCEPCION,18,01
180093,HOSPITAL DE BAZA,18,01
180107,HOSPITAL SANTA ANA,18,01
180055,HOSPITAL SAN RAFAEL,18,01
180122,HOSPITAL DE ALTA RESOLUCION DE  GUADIX,18,01
180133,HOSPITAL DE ALTA RESOLUCIÃN DE LOJA,18,01
180146,HOSPITAL VITHAS LA SALUD,18,01
180150,HOSPITAL UNIVERSITARIO CLINICO SAN CECILIO,18,01
210025,HOSPITAL INFANTA ELENA,21,01
210097,HOSPITAL DE RIOTINTO,21,01
210084,CLINICA LOS NARANJOS,21,01
210137,HOSPITAL QUIRONSALUD HUELVA,21,01
210148,HOSPITAL VIRGEN DE LA BELLA,21,01
230079,HOSPITAL  SAN AGUSTIN,23,01
230098,HOSPITAL SAN JUAN DE LA CRUZ,23,01
230063,CLINICA CRISTO REY,23,01
230145,HOSPITAL ALTO GUADALQUIVIR,23,01
230162,HOSPITAL DE ALTA RESOLUCION SIERRA DE SEGURA,23,01
230173,HOSPITAL DE ALTA RESOLUCION DE ALCAUDETE,23,01
230195,HOSPITAL PUERTA DE ANDALUCÍA,23,01
290017,HOSPITAL UNIVERSITARIO REGIONAL DE MALAGA,29,01
290265,HOSPITAL MATERNO INFANTIL DEL H.U.R.  DE  MALAGA,29,01
290038,HOSPITAL CIVIL,29,01
290022,HOSPITAL UNIVERSITARIO VIRGEN DE LA VICTORIA,29,01
290213,HOSPITAL MARITIMO DE  TORREMOLINOS,29,01
290517,HOSPITAL VALLE DE GUADALHORCE DE  CARTAMA,29,01
410021,HOSPITAL UNIVERSITARIO VIRGEN DE VALME,41,01
410227,HOSPITAL EL TOMILLAR,41,01
410042,HOSPITAL UNIVERSITARIO VIRGEN MACARENA,41,01
410055,HOSPITAL SAN  LAZARO,41,01
410016,HOSPITAL UNIVERSITARIO VIRGEN DEL ROCIO,41,01
410093,HOSPITAL DUQUES DEL INFANTADO,41,01
410443,HOSPITAL DE REHABILITACION Y TRAUMATOLOGIA DEL H.U.  VIRGEN DEL ROCIO,41,01
410465,HOSPITAL INFANTIL,41,01
410476,HOSPITAL DE LA  MUJER,41,01
230184,HOSPITAL DE ALTA RESOLUCION DE ALCALA LA REAL,23,01
290287,HOSPITAL COSTA DEL SOL,29,01
290206,HOSPITAL DE LA AXARQUIA,29,01
290081,HOSPITAL VITHAS PARQUE SAN ANTONIO,29,01
290141,CLINICA NUESTRA SEÑORA DEL PILAR,29,01
290115,CLINICA DE LA ENCARNACION,29,01
290108,HOSPITAL DR. GALVEZ,29,01
290228,CLINICA SANTA ELENA,29,01
290094,HOSPITAL EL ANGEL,29,01
290075,CENTRO ASISTENCIAL HNAS. HOSPITALARIAS DEL  SAGRADO CORAZON DE JESUS,29,01
290348,CLINICA EL SERANIL,29,01
290154,HOSPITAL  DE ANTEQUERA,29,01
290173,HOSPITAL QUIRONSALUD MARBELLA,29,01
290069,CENTRO ASISTENCIAL SAN JUAN DE DIOS,29,01
290136,HOSPITAL PSIQUIATRICO SAN FRANCISCO DE ASIS,29,01
290359,HC MARBELLA INTERNATIONAL HOSPITAL,29,01
290416,COMUNIDAD TERAPEUTICA SAN ANTONIO,29,01
290461,HOSPITAL OCHOA,29,01
290382,HOSPITEN ESTEPONA,29,01
290405,HOSPITAL VITHAS XANIT INTERNACIONAL,29,01
290427,HOSPITAL DE ALTA RESOLUCION DE BENALMADENA,29,01
290449,HOSPITAL QUIRONSALUD MALAGA,29,01
290472,CENTRO DE REPRODUCCION ASISTIDA DE MARBELLA (CERAM),29,01
290506,HOSPITAL DE LA SERRANIA,29,01
410114,HOSPITAL QUIRONSALUD SAGRADO CORAZON,41,01
410325,"FREMAP, HOSPITAL Y CENTRO DE REHABILITACION DE SEVILLA",41,01
410074,HOSPITAL VICTORIA EUGENIA DE LA CRUZ ROJA ESPAÑOLA,41,01
410107,CLINICA SANTA ISABEL,41,01
410251,HOSPITAL LA MERCED,41,01
410080,HOSPITAL SAN JUAN DE DIOS DE SEVILLA,41,01
410248,HOSPITAL DE ALTA RESOLUCION DE MORON DE LA FRONTERA,41,01
410353,HOSPITAL SAN JUAN DE DIOS DEL ALJARAFE,41,01
410212,RESIDENCIA DE SALUD MENTAL NUESTRA SEÑORA DEL CARMEN,41,01
410483,"CENTRO ABB, SL",41,01
410135,HOSPITAL QUIRONSALUD INFANTA LUISA,41,01
410233,HOSPITAL SAN AGUSTIN,41,01
410375,HOSPITAL NISA SEVILLA-ALJARAFE,41,01
410386,HOSPITAL DE ALTA RESOLUCION DE UTRERA,41,01
410409,HOSPITAL VIAMED SANTA ANGELA DE LA CRUZ,41,01
410419,HOSPITAL DE ALTA RESOLUCION DE ECIJA,41,01
410346,HOSPITAL PSIQUIATRICO PENITENCIARIO,41,01
410432,CLINICA DE SALUD MENTAL MIGUEL DE MAÑARA,41,01
410496,"ADINFA, SOCIEDAD COOPERATIVA ANDALUZA",41,01
220036,HOSPITAL SAGRADO CORAZON DE JESUS,22,02
220015,HOSPITAL UNIVERSITARIO SAN JORGE,22,02
220054,HOSPITAL DE BARBASTRO,22,02
410454,HOSPITAL DE ALTA RESOLUCIÓN DE LEBRIJA,41,01
220089,HOSPITAL DE JACA SALUD,22,02
220041,HOSPITAL VIAMED SANTIAGO,22,02
220105,CENTRO SANITARIO BAJO CINCA-BAIX CINCA,22,02
440048,HOSPITAL DE ALCAÑIZ,44,02
440012,HOSPITAL OBISPO POLANCO,44,02
440027,HOSPITAL DE SAN JOSE,44,02
440033,CENTRO DE REHABILITACION PSICOSOCIAL SAN JUAN DE DIOS,44,02
500114,HOSPITAL SAN JUAN DE DIOS,50,02
500129,HOSPITAL QUIRONSALUD ZARAGOZA,50,02
500068,CENTRO DE REHABILITACION PSICOSOCIAL NUESTRA SEÑORA DEL PILAR,50,02
500093,"CLINICA MONTPELLIER, GRUPO HLA,  S.A.U",50,02
500188,UNIDAD REHABILITADORA DE MEDIA ESTANCIA PROFESOR REY ARDID,50,02
500055,HOSPITAL ROYO VILLANOVA,50,02
500021,HOSPITAL UNIVERSITARIO MIGUEL SERVET,50,02
500107,CENTRO NEUROPSIQUIATRICO NUESTRA SEÑORA DEL CARMEN,50,02
500016,HOSPITAL CLINICO UNIVERSITARIO LOZANO BLESA,50,02
500135,CLINICA NUESTRA SEÑORA DEL PILAR,50,02
500153,HOSPITAL ERNEST LLUCH MARTIN,50,02
500074,HOSPITAL NUESTRA SEÑORA DE GRACIA,50,02
500172,UNIDAD DE REHABILITACION DE LARGA ESTANCIA,50,02
500195,HOSPITAL DE REHABILITACION PSIQUIATRICA PRISMA,50,02
500080,HOSPITAL MAZ,50,02
500218,HOSPITAL VIAMED MONTECANAL,50,02
500200,CENTRO SANITARIO CINCO VILLAS,50,02
500140,HOSPITAL GENERAL DE LA DEFENSA EN ZARAGOZA,50,02
500223,HOSPITAL HERNAN CORTES MIRAFLORES,50,02
330321,CENTRO SALUD MENTAL PEREZ ESPINOSA,33,03
330376,INSTITUTO OFTALMOLOGICO FERNANDEZ-VEGA,33,03
330254,FUNDACION SANATORIO ADARO,33,03
330138,HOSPITAL CARMEN Y SEVERO OCHOA,33,03
330241,HOSPITAL VALLE DEL NALON,33,03
330045,HOSPITAL MONTE NARANCO,33,03
330313,HOSPITAL DE LUARCA,33,03
330208,HOSPITAL  BEGOÑA,33,03
330077,CLINICA ASTURIAS,33,03
330306,HOSPITAL DEL ORIENTE DE ASTURIAS FRANCISCO GRANDE COVIAN,33,03
330332,CLINICA PSIQUIATRICA SOMIO,33,03
330096,CLINICA SAN RAFAEL,33,03
330169,HOSPITAL CRUZ ROJA,33,03
330194,HOSPITAL DE JOVE,33,03
330100,HOSPITAL UNIVERSITARIO SAN AGUSTIN,33,03
330156,HOSPITAL UNIVERSITARIO DE CABUEÑES,33,03
330175,HOSPITAL COVADONGA,33,03
330061,CENTRO MEDICO DE ASTURIAS,33,03
330117,FUNDACION HOSPITAL DE AVILES,33,03
330143,HOSPITAL DE JARRIO,33,03
330354,HOSPITAL GIJON,33,03
330292,HOSPITAL UNIVERSITARIO CENTRAL DE ASTURIAS,33,03
330325,HOSPITAL VITAL ALVAREZ BUYLLA,33,03
330387,HOSPITAL DE CAMPAÑA SANITARIO (HCS144),33,03
070309,HOSPITAL  DE MANACOR,07,04
070048,HOSPITAL GENERAL DE MALLORCA,07,04
070260,HOSPITAL JUANEDA MURO,07,04
070099,CLINICA ROTGER,07,04
070086,HOSPITAL SANT JOAN DE DEU,07,04
070295,CLINICA JUANEDA MAHON,07,04
070110,CLINICA JUANEDA,07,04
070131,JUANEDA MIRAMAR,07,04
070184,HOSPITAL CAN MISSES,07,04
070064,MUTUA BALEAR,07,04
070244,CLINICA JUANEDA MENORCA,07,04
070051,HOSPITAL PSIQUIATRIC,07,04
070162,HOSPITAL JOAN MARCH,07,04
070377,HOSPITAL COMARCAL D´INCA,07,04
070388,HOSPITAL MATEU ORFILA,07,04
070399,HOSPITAL UNIVERSITARI SON ESPASES,07,04
350311,HOSPITAL UNIVERSITARIO DE GRAN CANARIA DR. NEGRIN,35,05
350271,HOSPITAL SAN ROQUE DE GUIA,35,05
350069,HOSPITAL UNIVERSITARIO DE SALUD MENTAL JUAN CARLOS I,35,05
380178,HOSPITAL UNIVERSITARIO DE CANARIAS,38,05
380027,HOSPITAL UNIVERSITARIO NUESTRA SEÑORA DE LA CANDELARIA,38,05
380348,HOSPITAL DEL SUR,38,05
380337,HOSPITAL DEL NORTE,38,05
380033,HOSPITAL DEL TORAX,38,05
380048,HOSPITAL PSIQUIATRICO DE TENERIFE,38,05
050013,HOSPITAL NUESTRA SEÑORA DE SONSOLES (COMPLEJO ASISTENCIAL DE AVILA),05,07
050034,HOSPITAL PROVINCIAL DE AVILA (COMPLEJO ASISTENCIAL DE AVILA),05,07
090155,HOSPITAL UNIVERSITARIO DE BURGOS (COMPLEJO ASISTENCIAL UNIVER. DE BURGOS),09,07
090026,HOSPITAL FUENTE BERMEJA (COMPLEJO ASISTENCIAL UNIVERSITARIO DE BURGOS),09,07
240016,HOSPITAL DE LEON (COMPLEJO ASISTENCIAL UNIVERSITARIO DE LEON),24,07
070070,HOSPITAL DE LA CREU ROJA ESPANYOLA,07,04
070333,HOSPITAL SON LLATZER,07,04
070344,HOSPITAL QUIRONSALUD PALMAPLANAS,07,04
070366,HOSPITAL DE FORMENTERA,07,04
070412,HOSPITAL DE LLEVANT,07,04
070423,HOSPITAL QUIRONSALUD SON VERI,07,04
070434,CLINICA LUZ DE PALMA,07,04
350167,CLINICA CAJAL,35,05
350287,HOSPITAL CIUDAD DE TELDE,35,05
350154,HOSPITAL LA PALOMA,35,05
350206,HOSPITAL PERPETUO SOCORRO,35,05
350115,HOSPITAL SAN JOSE,35,05
350120,VITHAS HOSPITAL SANTA CATALINA,35,05
350326,HOSPITEN LANZAROTE,35,05
350265,QUINTA MEDICA DE REPOSO,35,05
350367,HOSPITAL SAN ROQUE MASPALOMAS,35,05
350173,CLINICA SAN ROQUE,35,05
350192,CLINICA BANDAMA,35,05
350290,COMPLEJO HOSPITALARIO UNIVERSITARIO INSULAR MATERNO INFANTIL,35,05
350252,HOSPITAL GENERAL DE FUERTEVENTURA,35,05
350390,CLINICA JORGANI,35,05
350228,HOSPITAL DOCTOR JOSE MOLINA OROSA,35,05
350249,HOSPITAL INSULAR DE LANZAROTE,35,05
380201,CLINICA VIDA,38,05
380103,HOSPITAL PARQUE,38,05
380359,CLINICA TARA,38,05
380282,HOSPITAL QUIRON SALUD COSTA ADEJE,38,05
380146,HOSPITEN SUR,38,05
380223,HOSPITEN BELLEVUE,38,05
380295,HOSPITEN RAMBLA,38,05
380086,HOSPITAL QUIRON SALUD TENERIFE,38,05
380064,HOSPITAL SAN JUAN DE DIOS TENERIFE,38,05
380276,HOSPITAL INSULAR NUESTRA SEÑORA DE LOS REYES,38,05
380244,HOSPITAL NUESTRA SEÑORA DE GUADALUPE,38,05
380316,HOSPITAL GENERAL DE LA PALMA,38,05
390015,HOSPITAL UNIVERSITARIO MARQUES DE VALDECILLA,39,06
390152,CLINICA MOMPIA,39,06
390134,HOSPITAL COMARCAL DE LAREDO,39,06
390054,HOSPITAL SANTA CLOTILDE,39,06
390041,HOSPITAL RAMON NEGRETE,39,06
390149,HOSPITAL SIERRALLANA,39,06
390067,CENTRO HOSPITALARIO PADRE MENNI,39,06
050049,HOSPITAL SANTA TERESA,05,07
050072,HOSPITAL DE SALUD MENTAL CASTA SALUD AREVALO,05,07
090079,HOSPITAL SANTOS REYES,09,07
090098,HOSPITAL SANTIAGO APOSTOL,09,07
090047,HOSPITAL RECOLETAS DE BURGOS,09,07
090050,HOSPITAL SAN JUAN DE DIOS BURGOS,09,07
240135,HOSPITAL EL BIERZO,24,07
240074,HOSPITAL HM SAN FRANCISCO,24,07
240021,HOSPITAL MONTE SAN ISIDRO COMPLEJO ASISTENCIAL UNIVERSITARIO DE LEON,24,07
240093,HOSPITAL SANTA ISABEL (COMPLEJO ASISTENCIAL UNIVERSITARIO DE LEON),24,07
340014,HOSPITAL RIO CARRION (COMPLEJO ASISTENCIAL UNIVERSITARIO DE PALENCIA),34,07
340029,HOSPITAL SAN TELMO (COMPLEJO ASISTENCIAL UNIVERSITARIO DE PALENCIA),34,07
370037,HOSPITAL CLINICO UNIVERSITARIO DE SALAMANCA (COMPLEJO ASISTENCIAL UNIV.SA),37,07
370074,HOSPITAL LOS MONTALVOS (COMPLEJO ASISTENCIAL UNIVERSITARIO DE SALAMANCA),37,07
420011,HOSPITAL SANTA BARBARA (COMPLEJO ASISTENCIAL DE SORIA),42,07
420026,HOSPITAL VIRGEN DEL MIRON (COMPLEJO ASISTENCIAL DE SORIA),42,07
490013,HOSPITAL VIRGEN DE LA CONCHA (COMPLEJO ASISTENCIAL DE ZAMORA),49,07
490028,HOSPITAL PROVINCIAL DE ZAMORA (COMPLEJO ASISTENCIAL DE ZAMORA),49,07
490065,HOSPITAL DE BENAVENTE (COMPLEJO ASISTENCIAL DE ZAMORA),49,07
020030,HOSPITAL GENERAL UNIVERSITARIO DE ALBACETE,02,08
020117,HOSPITAL UNIVERSITARIO NUESTRA SEÑORA  DEL PERPETUO SOCORRO,02,08
020158,CENTRO DE ATENCION A LA SALUD MENTAL LA MILAGROSA,02,08
450041,HOSPITAL PROVINCIAL NTRA.SRA.DE LA MISERICORDIA,45,08
450015,HOSPITAL VIRGEN DE LA SALUD,45,08
450020,HOSPITAL GERIATRICO VIRGEN DEL VALLE,45,08
240188,HOSPITAL SAN JUAN DE DIOS LEON,24,07
240055,REGLA HM HOSPITALES,24,07
240220,HOSPITAL VALLE DE LACIANA,24,07
340053,HOSPITAL RECOLETAS DE PALENCIA,34,07
340035,HOSPITAL PSIQUIATRICO SAN LUIS,34,07
340040,AREA PSIQUIATRICA DEL CENTRO ASISTENCIAL  SAN JUAN DE DIOS,34,07
370055,HOSPITAL GENERAL DE LA SANTISIMA TRINIDAD,37,07
400019,HOSPITAL GENERAL DE SEGOVIA (COMPLEJO ASISTENCIAL DE SEGOVIA),40,07
400045,HOSPITAL RECOLETAS SEGOVIA NUESTRA SEÑORA DE LA MISERICORDIA,40,07
400058,UNIDAD DE REHABILITACION PSIQUIATRICA NUESTRA SEÑORA DE LA FUENCISLA,40,07
470029,HOSPITAL CLINICO UNIVERSITARIO DE VALLADOLID,47,07
470091,HOSPITAL MEDINA DEL CAMPO,47,07
470113,HOSPITAL RECOLETAS CAMPO GRANDE,47,07
470105,HOSPITAL DE VALLADOLID FELIPE II,47,07
470053,SANATORIO SAGRADO CORAZON,47,07
470014,HOSPITAL UNIVERSITARIO DEL RIO HORTEGA,47,07
470072,CENTRO HOSPITALARIO BENITO MENNI,47,07
490081,HOSPITAL RECOLETAS DE ZAMORA,49,07
020096,HOSPITAL DE HELLIN,02,08
020100,HOSPITAL QUIRONSALUD  ALBACETE,02,08
020061,HOSPITAL QUIRONSALUD SANTA CRISTINA,02,08
020136,HOSPITAL GENERAL DE ALMANSA,02,08
020147,HOSPITAL GENERAL DE VILLARROBLEDO,02,08
130049,HOSPITAL QUIRONSALUD CIUDAD REAL,13,08
130052,HOSPITAL GENERAL LA MANCHA CENTRO,13,08
130065,HOSPITAL VIRGEN DE ALTAGRACIA,13,08
130071,HOSPITAL SANTA BARBARA,13,08
130034,SERVICIOS SANITARIOS Y ASISTENCIALES,13,08
130087,HOSPITAL GENERAL DE VALDEPEÑAS,13,08
130127,HOSPITAL GENERAL DE CIUDAD REAL,13,08
130128,HOSPITAL GENERAL DE TOMELLOSO,13,08
160014,HOSPITAL VIRGEN DE LA LUZ,16,08
160053,"HOSPITAL RECOLETAS CUENCA, S.L.U.",16,08
190019,HOSPITAL UNIVERSITARIO DE GUADALAJARA,19,08
190030,CLINICA LA ANTIGUA,19,08
190061,U.R.R. DE ENFERMOS PSIQUICOS ALCOHETE,19,08
190045,CLINICA DOCTOR SANZ VAZQUEZ,19,08
190088,CENTRO DE ACOGIDA PROYECTO HOMBRE,19,08
450089,"CLINICA MARAZUELA, S.A.",45,08
450133,CENTRO DE TRATAMIENTO DE DROGODEPENDIENTES EL ALBA,45,08
450122,HOSPITAL QUIRONSALUD TOLEDO,45,08
450067,HOSPITAL GENERAL NUESTRA SEÑORA DEL PRADO,45,08
450036,HOSPITAL NACIONAL DE PARAPLEJICOS,45,08
080673,HOSPITAL MUNICIPAL DE BADALONA,08,09
080351,HESTIA PALAU.,08,09
080364,HOSPITAL UNIVERSITARI SAGRAT COR,08,09
080370,CLINICA CORACHAN,08,09
080386,CLINICA TRES TORRES,08,09
080291,HOSPITAL DE LA SANTA CREU I SANT PAU,08,09
080543,HESTIA DURAN I REYNALS,08,09
080399,HOSPITAL QUIRONSALUD BARCELONA,08,09
080403,CENTRE  MEDIC  DELFOS,08,09
080180,HOSPITAL EL PILAR,08,09
080497,CENTRE HOSPITALARI POLICLINICA BARCELONA,08,09
080556,"SERVEIS CLINICS, S.A.",08,09
080575,CLINICA COROLEU - SSR HESTIA.,08,09
080410,CENTRE MEDIC SANT JORDI DE SANT ANDREU,08,09
082167,CLINICA DIAGONAL,08,09
080057,HOSPITAL DEL MAR.,08,09
080431,HOSPITAL PLATO,08,09
080109,HOSPITAL CLINIC DE BARCELONA,08,09
080174,HOSPITAL DOS DE MAIG,08,09
080060,HOSPITAL DE L'ESPERANÇA.,08,09
080641,CLINICA PLANAS,08,09
080116,"FREMAP, HOSPITAL DE BARCELONA",08,09
080137,CENTRE DE PREVENCIO I REHABILITACIO ASEPEYO,08,09
080142,CLINICA MC COPERNIC,08,09
080348,FUNDACIO PUIGVERT - IUNA,08,09
080312,NOU HOSPITAL EVANGELIC,08,09
080229,CLINICA NOSTRA SENYORA DEL REMEI,08,09
080168,HOSPITAL EGARSAT SANT HONORAT,08,09
080235,CLINICA SAGRADA FAMILIA,08,09
080214,HOSPITAL SANT RAFAEL,08,09
080044,"HOSPITAL CLINIC DE BARCELONA, SEU SABINO DE ARANA",08,09
080327,HOSPITAL DE NENS DE BARCELONA,08,09
080478,"CENTRO MEDICO TEKNON,  GRUPO QUIRONSALUD",08,09
080538,CENTRE D'OFTALMOLOGIA BARRAQUER,08,09
080333,INSTITUT GUTTMANN,08,09
080253,HOSPITAL MARE DE DEU DE LA MERCE,08,09
080692,HOSPITAL COMARCAL DE SANT BERNABE,08,09
080706,HOSPITAL COMARCAL SANT JAUME DE CALELLA,08,09
080713,HOSPITAL DE SANT JOAN DE DEU.,08,09
080728,CLINICA NOSTRA SENYORA DE GUADALUPE,08,09
080734,HOSPITAL GENERAL DE GRANOLLERS,08,09
080771,HOSPITAL GENERAL DE L'HOSPITALET,08,09
080752,HOSPITAL UNIVERSITARI DE BELLVITGE,08,09
080787,FUNDACIO SANITARIA SANT JOSEP,08,09
080826,HOSPITAL  DE  SANT  JAUME,08,09
080879,HOSPITAL DE SANT ANDREU,08,09
080850,CENTRE HOSPITALARI.,08,09
080832,CLINICA SANT JOSEP,08,09
080898,FUNDACIO HOSPITAL SANT JOAN DE DEU,08,09
080930,"CENTRE MEDIC MOLINS, SL",08,09
080945,HOSPITAL DE MOLLET,08,09
080977,"BENITO MENNI,COMPLEX ASSISTENCIAL EN SALUT MENTAL.",08,09
080983,PARC SANITARI SANT JOAN DE DEU - RECINTE SANT BOI.,08,09
081000,HOSPITAL DE SANT CELONI.,08,09
081022,CASAL DE CURACIO,08,09
081038,HOSPITAL RESIDENCIA SANT CAMIL - CONSORCI SANITARI DEL GARRAF.,08,09
081069,FUNDACIO HOSPITAL DE L'ESPERIT SANT,08,09
081056,CENTRES ASSISTENCIALS DR. EMILI MIRA I LOPEZ (RECINTE TORRIBERA).,08,09
081081,HOSPITAL DE SANT LLATZER,08,09
081094,HOSPITAL UNIVERSITARI MUTUA DE TERRASSA,08,09
081115,CLINICA SANT JOSEP,08,09
081120,HOSPITAL DE LA SANTA CREU,08,09
081189,HOSPITAL SANT ANTONI ABAT - CONSORCI SANITARI DEL GARRAF.,08,09
080667,HOSPITAL UNIVERSITARI GERMANS TRIAS I PUJOL DE BADALONA,08,09
081075,HOSPITAL DE TERRASSA.,08,09
080958,HOSPITAL DE SABADELL,08,09
081108,HOSPITAL  GENERAL  DE  VIC,08,09
081141,HOSPITAL DE VILADECANS,08,09
080484,HOSPITAL  DE  BARCELONA,08,09
081234,CENTRE SOCIOSANITARI VERGE DEL PUIG,08,09
081228,PRYTANIS SANT BOI CENTRE SOCIOSANITARI,08,09
080689,CENTRE SOCIOSANITARI EL CARME,08,09
081192,CENTRE SOCIOSANITARI CAN TORRAS,08,09
081213,CENTRE GERIATRIC DEL MARESME,08,09
080863,HOSPITAL DE SANT JOAN DE DEU (MANRESA),08,09
081304,RESIDENCIA PUIG-REIG,08,09
081287,RESIDENCIA L'ESTADA,08,09
081311,RESIDENCIA SANTA SUSANNA,08,09
081350,CENTRE POLIVALENT CAN FOSC,08,09
081379,HOSPITAL SOCIOSANITARI MUTUAM GUELL,08,09
081616,COMUNITAT TERAPEUTICA ARENYS DE MUNT,08,09
081728,HOSPITAL GENERAL PENITENCIARI,08,09
081430,HOSPITAL COMARCAL DE L'ALT PENEDES.,08,09
081461,INSTITUT CATALA D'ONCOLOGIA - HOSPITAL DURAN I REYNALS,08,09
081458,APTIMA CENTRE CLINIC - MUTUA DE TERRASSA,08,09
081483,SAR MONT MARTI,08,09
081496,REGINA SAR,08,09
081568,ITA MARESME,08,09
081326,HOSPITAL DE MATARO,08,09
081574,CLINICA LLURIA,08,09
081537,CENTRE VALLPARADIS,08,09
081580,ANTIC HOSPITAL DE SANT JAUME I SANTA MAGDALENA,08,09
081593,PARC SANITARI SANT JOAN DE DEU - NUMANCIA,08,09
081739,CENTRE SOCIOSANITARI DE L'HOSPITALET - CONSORCI SANITARI INTEGRAL,08,09
081605,PRYTANIS HOSPITALET CENTRE SOCIOSANITARI,08,09
081706,CENTRE COLLSEROLA MUTUAL,08,09
081649,HOSPITAL SOCIOSANITARI PERE VIRGILI,08,09
081661,BENITO MENNI COMPLEX ASSISTENCIAL EN SALUT MENTAL,08,09
081694,INSTITUT CATALA D'ONCOLOGIA - HOSPITAL GERMANS TRIAS I PUJOL,08,09
081672,HOSPITAL  SANITAS CIMA,08,09
081683,PARC SANITARI SANT JOAN DE DEU - BRIANS 1.,08,09
081885,HOSPITAL D'IGUALADA,08,09
081717,CENTRE SOCIOSANITARI SARQUAVITAE SANT JORDI,08,09
081784,CENTRE SOCIOSANITARI D'ESPLUGUES,08,09
081740,SAR LA SALUT JOSEP SERVAT,08,09
081795,CENTRE SOCIOSANITARI RICARD FORTUNY,08,09
081751,CLINICA CREU BLANCA,08,09
081919,PARC SANITARI SANT JOAN DE DEU-SERVEIS SANITARIS CENTRE PENITENCIARI BRIANS-2,08,09
081829,CENTRE FORUM,08,09
081762,HESTIA GRACIA,08,09
080155,CLINICA MC LONDRES,08,09
081830,CENTRE SOCIOSANITARI BLAUCLINIC DOLORS ALEU,08,09
081874,CLINICA GALATEA,08,09
081896,CENTRE SOCIAL I SANITARI FREDERICA MONTSENY,08,09
081964,UNITAT POLIVALENT SALUT MENTAL BARCELONA-NORD,08,09
082012,HOSPITAL QUIRON SALUD DEL VALLES - CLINICA DEL VALLES,08,09
081931,CENTRE SOCIOSANITARI SANT JORDI DE LA VALL D'HEBRON,08,09
081920,CENTRE INTEGRAL DE SERVEIS EN SALUT MENTAL COMUNITARIA,08,09
082156,CLINICA SANT ANTONI,08,09
081953,MAPFRE QUAVITAE BARCELONA,08,09
081347,HOSPITAL UNIVERSITARI VALL D'HEBRON,08,09
082045,HESTIA STAUROS,08,09
082066,HOSPITAL DE SANT JOAN DESPI MOISES BROGGI,08,09
082134,ITA MARESME,08,09
082145,CENTRE SOCIOSANITARI DEL CENTRE INTEGRAL DE SALUT COTXERES,08,09
082178,HOSPITAL SOCIOSANITARI DE MOLLET,08,09
082190,IVAN MAÑERO CLINIC,08,09
082189,CENTRE SOCIOSANITARI ISABEL ROIG,08,09
082236,CENTRE LA CREUETA,08,09
082246,UNITAT TERAPEUTICA-EDUCATIVA ACOMPANYA'M,08,09
082257,CAT BARCELONA,08,09
170097,CLINICA SALUS INFIRMORUM,17,09
170101,HOSPITAL DE SANT JAUME,17,09
170118,HOSPITAL DE CAMPDEVANOL,17,09
170123,HOSPITAL DE FIGUERES,17,09
170139,CLINICA SANTA CREU,17,09
170031,CLINICA BOFILL,17,09
170010,HOSPITAL UNIVERSITARI DE GIRONA DR. JOSEP TRUETA,17,09
170059,CLINICA GIRONA,17,09
170062,CLINICA QUIRURGICA ONYAR,17,09
170301,HOSPITAL SANTA CATERINA-IAS,17,09
170216,HOSPITAL PSIQUIATRIC,17,09
170160,HOSPITAL SOCIOSANITARI DE LLORET DE MAR,17,09
170176,HOSPITAL D'OLOT I COMARCAL DE LA GARROTXA,17,09
170195,HOSPITAL DE PALAMOS,17,09
170221,RESIDENCIA DE GENT GRAN PUIG D'EN ROCA,17,09
170237,HOSPITAL COMARCAL DE BLANES,17,09
170242,RESIDENCIA GERIATRICA MARIA GAY,17,09
170255,CENTRE SOCIOSANITARI MUTUAM GIRONA,17,09
170277,CENTRE SOCIOSANITARI DE PUIGCERDA,17,09
170288,CENTRE SOCIOSANITARI BERNAT JAUME,17,09
170299,INSTITUT CATALA D'ONCOLOGIA GIRONA - HOSPITAL JOSEP TRUETA,17,09
170323,CENTRE SOCIOSANITARI PARC HOSPITALARI MARTI I JULIA,17,09
170312,CENTRE PALAMOS GENT GRAN,17,09
170334,HOSPITAL DE CERDANYA / HOPITAL DE CERDAGNE,17,09
250077,CLINICA PSIQUIATRICA BELLAVISTA,25,09
250019,HOSPITAL UNIVERSITARI ARNAU DE VILANOVA DE LLEIDA.,25,09
250045,VITHAS HOSPITAL MONTSERRAT,25,09
250058,"CLINICA PERPETUO SOCORRO DE LERIDA, GRUPO HLA, SLU",25,09
250024,HOSPITAL SANTA MARIA,25,09
250117,FUNDACIO SANT HOSPITAL.,25,09
250143,HOSPITAL COMARCAL DEL PALLARS,25,09
250156,ESPITAU VAL D'ARAN,25,09
250138,"CENTRE SANITARI DEL SOLSONES, FPC",25,09
250169,HESTIA BALAGUER.,25,09
250175,RESIDENCIA TERRAFERMA,25,09
250181,"CASTELL D'OLIANA RESIDENCIAL,S.L",25,09
250209,HOSPITAL JAUME NADAL MEROLES,25,09
250232,HOSPITAL SANT JOAN DE DEU LLEIDA,25,09
430108,CENTRE MQ REUS,43,09
430115,"VILLABLANCA SERVEIS ASSISTENCIALS, SA",43,09
430120,"INSTITUT PERE MATA, S.A",43,09
430069,CLINICA ACTIVA MUTUA 2008,43,09
430043,HOSPITAL DE SANT PAU I SANTA TECLA,43,09
430017,HOSPITAL UNIVERSITARI JOAN XXIII DE TARRAGONA,43,09
430022,HOSPITAL SOCIOSANITARI FRANCOLI,43,09
430056,HOSPITAL VIAMED MONEGAL,43,09
430173,HOSPITAL DE LA SANTA CREU,43,09
430189,CLINICA TERRES DE L'EBRE,43,09
430167,HOSPITAL DE TORTOSA VERGE DE LA CINTA,43,09
430081,HOSPITAL COMARCAL MORA D'EBRE,43,09
430228,PIUS HOSPITAL DE VALLS,43,09
430234,RESIDENCIA ALT CAMP,43,09
430213,POLICLINICA COMARCAL DEL VENDRELL.,43,09
430249,CENTRE SOCIOSANITARI CIUTAT DE REUS,43,09
430252,HOSPITAL COMARCAL D'AMPOSTA,43,09
430265,CENTRE SOCIOSANITARI LLEVANT,43,09
430276,RESIDENCIA VILA-SECA,43,09
430298,HOSPITAL DEL VENDRELL,43,09
430287,UNITAT POLIVALENT EN SALUT MENTAL D'AMPOSTA,43,09
430300,CENTRE SOCIOSANITARI I RESIDENCIA ASSISTIDA SALOU,43,09
430322,RESIDENCIA SANTA TECLA PONENT,43,09
060021,HOSPITAL UNIVERSITARIO DE BADAJOZ,06,11
060037,HOSPITAL MATERNO-INFANTIL,06,11
030190,SANATORIO SAN FRANCISCO DE BORJA FONTILLES,03,10
030351,HOSPITAL LA PEDRERA,03,10
030187,HOSPITAL SANT VICENT DEL RASPEIG,03,10
030041,VITHAS HOSPITAL PERPETUO INTERNACIONAL,03,10
030036,CLINICA VISTAHERMOSA GRUPO HLA,03,10
030067,HOSPITAL VIRGEN DE LOS LIRIOS,03,10
030204,HOSPITAL MARINA BAIXA DE LA VILA JOIOSA,03,10
030152,HOSPITAL GENERAL UNIVERSITARIO DE ELCHE,03,10
030092,HOSPITAL CLINICA BENIDORM,03,10
030211,HOSPITAL VEGA BAJA DE ORIHUELA,03,10
030298,HOSPITAL QUIRONSALUD TORREVIEJA,03,10
030328,HOSPITAL IMED LEVANTE,03,10
030128,HOSPITAL SAN CARLOS DE DENIA GRUPO HLA,03,10
030165,HOSPITAL GENERAL UNIVERSITARIO DE ELDA-VIRGEN DE LA SALUD,03,10
030015,HOSPITAL GENERAL UNIVERSITARIO DE ALICANTE,03,10
030339,HOSPITAL UNIVERSITARIO DE TORREVIEJA,03,10
030226,HOSPITAL  MEDIMAR INTERNACIONAL,03,10
030250,HOSPITAL UNIVERSITARIO SAN JUAN DE ALICANTE,03,10
030340,HOSPITAL DE DENIA,03,10
030362,CENTRO DE REHABILITACION NEUROLOGICA CASAVERDE,03,10
030373,HOSPITAL UNIVERSITARIO VINALOPO,03,10
030384,HOSPITAL IMED ELCHE,03,10
120136,HOSPITAL UNIVERSITARIO DE LA PLANA,12,10
120017,HOSPITAL GENERAL UNIVERSITARIO DE CASTELLON,12,10
120038,HOSPITAL LA MAGDALENA,12,10
120043,CONSORCIO HOSPITALARIO PROVINCIAL DE CASTELLON,12,10
120159,HOSPITAL REY D. JAIME,12,10
120148,INSTITUTO DE TRAUMATOLOGIA DE UNION DE MUTUAS (MATEPSS Nº 267),12,10
120115,HOSPITAL COMARCAL DE VINAROS,12,10
120171,CENTRO MEDICALIZADO CENTRO DE TECNIFICACION DEPORTIVA VILA-REAL,12,10
460060,CONSORCIO HOSPITAL GENERAL UNIVERSITARIO DE VALENCIA,46,10
460291,HOSPITAL 9 DE OCTUBRE,46,10
460207,HOSPITAL FRANCESC DE BORJA DE GANDIA,46,10
460381,HOSPITAL DE CRONICOS DE MISLATA (ANTIGUO HOSPITAL MILITAR DE VALENCIA),46,10
460180,CASA DE REPOSO SAN ONOFRE,46,10
460288,HOSPITAL GENERAL DE REQUENA,46,10
460109,FUNDACION INSTITUTO VALENCIANO DE ONCOLOGIA,46,10
460023,HOSPITAL UNIVERSITARIO DR. PESET ALEIXANDRE,46,10
460044,HOSPITAL CLINICO UNIVERSITARIO DE VALENCIA,46,10
460116,HOSPITAL VIRGEN DEL CONSUELO,46,10
460229,HOSPITAL LLUIS ALCANYIS DE XATIVA,46,10
460018,HOSPITAL UNIVERSITARIO Y POLITECNICO LA FE,46,10
460266,HOSPITAL DE SAGUNTO,46,10
460333,HOSPITAL NISA AGUAS VIVAS,46,10
460327,HOSPITAL IMED GANDIA,46,10
460240,HOSPITAL INTERMUTUAL DE LEVANTE,46,10
460137,HOSPITAL QUIRONSALUD VALENCIA,46,10
460351,HOSPITAL UNIVERSITARIO DE LA RIBERA,46,10
460272,HOSPITAL DOCTOR MOLINER,46,10
460082,HOSPITAL CATOLICO CASA DE SALUD,46,10
460369,HOSPITAL PARE JOFRE,46,10
460235,HOSPITAL GENERAL DE ONTINYENT,46,10
460168,HOSPITAL PSIQUIATRICO PROVINCIAL,46,10
460039,HOSPITAL ARNAU DE VILANOVA,46,10
460370,HOSPITAL DE MANISES,46,10
460415,UNIDAD DE DESINTOXICACION HOSPITALARIA,46,10
460392,HOSPITAL DE LLIRIA,46,10
460404,IMED VALENCIA,46,10
460437,CLINICA IMSKE,46,10
060297,HOSPITAL PARQUE VEGAS ALTAS,06,11
060080,RIBERA SALUD INFRAESTRUCTURAS S.L.U,06,11
060093,HOSPITAL DON BENITO-VILLANUEVA DE LA SERENA,06,11
060114,HOSPITAL GENERAL DE LLERENA,06,11
060129,HOSPITAL DE MERIDA,06,11
060208,HOSPITAL DE ZAFRA,06,11
060220,HOSPITAL PERPETUO SOCORRO,06,11
060231,HOSPITAL SIBERIA-SERENA,06,11
060242,HOSPITAL TIERRA DE BARROS,06,11
100015,HOSPITAL SAN PEDRO DE ALCANTARA,10,11
100020,HOSPITAL PROVINCIAL NUESTRA SEÑORA DE LA MONTAÑA,10,11
100115,HOSPITAL UNIVERSITARIO DE CACERES,10,11
280164,HOSPITAL CARLOS III,28,13
060140,RIBERA SALUD-HOSPITAL SANTA JUSTA,06,11
060172,HOSPITAL QUIRONSALUD CLIDEBA,06,11
060275,CASAVERDE CENTRO DE REHABILITACION NEUROLOGICO DE EXTREMADURA S.L.,06,11
100041,HOSPITAL CIUDAD DE CORIA,10,11
100054,HOSPITAL CAMPO ARAÑUELO,10,11
100067,HOSPITAL VIRGEN DEL PUERTO,10,11
100073,CENTRO SOCIOSANITARIO DE PLASENCIA,10,11
100092,HOSPITAL QUIRONSALUD CACERES,10,11
100106,CLINICA SOQUIMEX,10,11
100113,CLINICA SAN FRANCISCO CLINICA QUIRURGICA CACEREÑA,10,11
150308,SANATORIO LA ROBLEDA,15,12
150011,COMPLEXO HOSPITALARIO UNIVERSITARIO A CORUÑA,15,12
150050,CENTRO ONCOLOXICO DE GALICIA,15,12
150063,HOSPITAL QUIRONSALUD A CORUÑA,15,12
150079,HOSPITAL SAN RAFAEL,15,12
150354,HM MODELO-BELEN,15,12
150130,COMPLEXO HOSPITALARIO UNIVERSITARIO DE FERROL,15,12
150177,HOSPITAL JUAN CARDONA,15,12
150365,HOSPITAL HM ROSALEDA - HM LA ESPERANZA,15,12
150336,HOSPITAL PUBLICO DA BARBANZA,15,12
150341,HOSPITAL PUBLICO VIRXE DA XUNQUEIRA,15,12
270018,COMPLEXO HOSPITALARIO UNIVERSITARIO DE LUGO,27,12
270095,HOSPITAL PUBLICO DA MARIÑA,27,12
270109,HOSPITAL PUBLICO DE MONFORTE,27,12
270057,HOSPITAL POLUSA,27,12
270076,SANATORIO NOSA SEÑORA DOS OLLOS GRANDES,27,12
320013,COMPLEXO HOSPITALARIO UNIVERSITARIO DE OURENSE,32,12
320126,HOSPITAL PUBLICO DE VALDEORRAS,32,12
320150,HOSPITAL PUBLICO DE VERIN,32,12
320087,CENTRO MEDICO EL CARMEN,32,12
320163,CLINICA SANTA TERESA,32,12
360182,HOSPITAL POVISA,36,12
360340,COMPLEXO HOSPITALARIO UNIVERSITARIO DE PONTEVEDRA,36,12
360059,GRUPO QUIRONSALUD PONTEVEDRA,36,12
360031,HESTIA SANTA MARIA,36,12
360209,VITHAS HOSPITAL NOSA SEÑORA DE FATIMA,36,12
360268,SANATORIO PSIQUIATRICO SAN JOSE,36,12
360255,CENTRO MEDICO PINTADO,36,12
360160,"FREMAP, HOSPITAL DE VIGO",36,12
360274,CLINICA RESIDENCIA EL PINAR,36,12
360216,CONCHEIRO CENTRO MEDICO QUIRURGICO,36,12
360353,HOSPITAL PUBLICO DO SALNES,36,12
360368,COMPLEXO HOSPITALARIO UNIVERSITARIO DE VIGO,36,12
280856,FREMAP HOSPITAL MAJADAHONDA,28,13
280783,CENTRO SAN JUAN DE DIOS CIEMPOZUELOS,28,13
280549,HOSPITAL FUENSANTA,28,13
280534,"CLINICA LA LUZ, S.L.",28,13
280604,HOSPITAL UNIVERSITARIO LA ZARZUELA,28,13
280421,HOSPITAL UNIVERSITARIO FUNDACION JIMENEZ DIAZ,28,13
280474,HOSPITAL NUESTRA SEÑORA DE AMERICA,28,13
280626,HOSPITAL HM NUEVO BELEN,28,13
280552,HOSPITAL RUBER JUAN BRAVO,28,13
280468,HOSPITAL SAN CAMILO,28,13
280376,CLINICA SANTA ELENA,28,13
280210,HOSPITAL DE CANTOBLANCO,28,13
280246,HOSPITAL GENERAL UNIVERSITARIO GREGORIO MARAÑON,28,13
280014,HOSPITAL UNIVERSITARIO LA PAZ,28,13
280091,HOSPITAL VIRGEN DE LA TORRE,28,13
280259,INSTITUTO PROVINCIAL DE REHABILITACION,28,13
280843,INSTITUTO PSIQUIATRICO SERVICIOS DE SALUD MENTAL JOSE GERMAIN - 1 LUNA,28,13
281270,HOSPITAL UNIVERSITARIO INFANTA LEONOR,28,13
280360,HOSPITAL BEATA MARIA ANA,28,13
280920,HOSPITAL EL ESCORIAL,28,13
280761,HOSPITAL DE LA FUENFRIA,28,13
280127,HOSPITAL UNIVERSITARIO DE LA PRINCESA,28,13
280344,HOSPITAL DE LA V.O.T. DE SAN FRANCISCO DE ASIS,28,13
280954,HOSPITAL UNIVERSITARIO HM MADRID,28,13
280894,HOSPITAL UNIVERSITARIO DE MOSTOLES,28,13
280133,HOSPITAL INFANTIL UNIVERSITARIO NIÑO JESUS,28,13
280416,FUNDACION INSTITUTO SAN JOSE,28,13
280565,HOSPITAL RUBER INTERNACIONAL,28,13
280796,HOSPITAL ASEPEYO MADRID,28,13
280800,HOSPITAL DE GUADARRAMA,28,13
280745,HOSPITAL UNIVERSITARIO PRINCIPE DE ASTURIAS,28,13
280936,HOSPITAL VIRGEN DE LA POVEDA,28,13
280262,HOSPITAL PSIQUIATRICO DOCTOR RODRIGUEZ LAFORA,28,13
280777,COMPLEJO ASISTENCIAL BENITO MENNI,28,13
280029,HOSPITAL UNIVERSITARIO RAMON Y CAJAL,28,13
280339,HOSPITAL SAN RAFAEL,28,13
280112,HOSPITAL UNIVERSITARIO SANTA CRISTINA,28,13
280838,HOSPITAL UNIVERSITARIO SEVERO OCHOA,28,13
280072,HOSPITAL UNIVERSITARIO CLINICO SAN CARLOS,28,13
280650,CLINICA LOPEZ IBOR,28,13
280409,CLINICA NUESTRA SEÑORA DE LA PAZ,28,13
280395,CLINICA SAN MIGUEL,28,13
280679,"SANATORIO ESQUERDO, S.A.",28,13
280587,HOSPITAL LA MILAGROSA S.A.,28,13
280647,CLINICA DR. LEON,28,13
280528,"HOSPITAL UNIVERSITARIO VIRGEN DE LA PALOMA, S.L.",28,13
280323,SANATORIO NUESTRA SEÑORA DEL ROSARIO,28,13
280442,HOSPITAL VIRGEN DEL MAR,28,13
280382,HOSPITAL SAN FRANCISCO DE ASIS,28,13
280357,HOSPITAL QUIRONSALUD SAN JOSE,28,13
280455,CLINICA SEAR,28,13
280989,HOSPITAL UNIVERSITARIO DE GETAFE,28,13
281034,CLINICA ISADORA S.A.,28,13
281049,HOSPITAL HLA UNIVERSITARIO MONCLOA,28,13
281087,CLINICA CEMTRO,28,13
281071,HOSPITAL UNIVERSITARIO FUNDACION ALCORCON,28,13
281090,HOSPITAL UNIVERSITARIO HM MONTEPRINCIPE,28,13
281113,HOSPITAL MD ANDERSON CANCER CENTER MADRID,28,13
281124,HOSPITAL QUIRONSALUD SUR,28,13
281146,HOSPITAL UNIVERSITARIO DE FUENLABRADA,28,13
281157,HOSPITAL UNIVERSITARIO HM TORRELODONES,28,13
281180,HOSPITAL LOS MADROÑOS,28,13
281179,HOSPITAL UNIVERSITARIO LA MORALEJA,28,13
281203,HOSPITAL UNIVERSITARIO QUIRONSALUD MADRID,28,13
281247,HOSPITAL PARDO DE ARAVACA,28,13
281225,HOSPITAL UNIVERSITARIO HM SANCHINARRO,28,13
281236,HOSPITAL UNIVERSITARIO INFANTA ELENA,28,13
281269,EMPRESA PUBLICA HOSPITAL DEL HENARES,28,13
281258,HOSPITAL UNIVERSITARIO INFANTA SOFIA,28,13
281304,EMPRESA PUBLICA HOSPITAL DEL SUR HOSPITAL INFANTA CRISTINA,28,13
281292,HOSPITAL DEL TAJO S.A.,28,13
281281,HOSPITAL UNIVERSITARIO DEL SURESTE - EMPRESA PUBLICA HOSPTIAL DEL SURESTE,28,13
281315,HOSPITAL UNIVERSITARIO PUERTA DE HIERRO MAJADAHONDA,28,13
281326,"CASTA SALUD, S.L.U.",28,13
281438,INSTITUTO PSIQUIATRICO SERVICIOS DE SALUD MENTAL JOSE GERMAIN - 2 ARAGON,28,13
300362,HOSPITAL GENERAL UNIVERSITARIO SANTA LUCIA,30,14
300145,HOSPITAL SANTA MARIA DEL ROSELL,30,14
281348,HOSPITAL UNIVERSITARIO REY JUAN CARLOS,28,13
281359,HOSPITAL GENERAL DE VILLALBA,28,13
281360,HOSPITAL UNIVERSITARIO HM PUERTA DEL SUR,28,13
281382,HOSPITAL CASAVERDE MADRID,28,13
280724,HOSPITAL CENTRAL DE LA DEFENSA EN MADRID,28,13
281393,CLINICA UNIVERSIDAD DE NAVARRA,28,13
281416,CLINICA SAN VICENTE,28,13
281371,HOSPITAL HM VALLES,28,13
281383,"FRATERNIDAD MUPRESPA, MUTUA COLABORADORA CON LA SEGURIDAD SOCIAL Nº 275",28,13
281385,"ITA CLINIC BCN, S.L.",28,13
281445,SERVICIO MADRILEÑO DE SALUD,28,13
300177,HOSPITAL NTRA. SRA. DEL PERPETUO SOCORRO,30,14
300294,HOSPITAL DE MOLINA,30,14
300085,HOSPITAL MESA DEL CASTILLO,30,14
300317,CLINICA SAN FELIPE DEL MEDITERRANEO,30,14
300026,HOSPITAL GENERAL UNIVERSITARIO REINA SOFIA,30,14
300339,HOSPITAL DE CUIDADOS MEDIOS VILLADEMAR,30,14
300340,RESIDENCIA LOS ALMENDROS,30,14
300222,HOSPITAL GENERAL UNIVERSITARIO LOS ARCOS DEL MAR MENOR,30,14
300269,HOSPITAL G. UNIVERSITARIO J.M. MORALES MESEGUER,30,14
300079,HOSPITAL LA VEGA GRUPO HLA,30,14
300161,SANTO Y REAL HOSPITAL DE CARIDAD,30,14
300050,HOSPITAL QUIRONSALUD MURCIA,30,14
300098,SANATORIO DR. MUÑOZ,30,14
300275,HOSPITAL  IBERMUTUAMUR - PATOLOGIA LABORAL,30,14
300281,HOSPITAL DE LA VEGA LORENZO GUIRAO,30,14
300243,HOSPITAL VIRGEN DEL CASTILLO,30,14
300124,HOSPITAL COMARCAL DEL NOROESTE,30,14
300256,HOSPITAL RAFAEL MENDEZ,30,14
300217,HOSPITAL VIRGEN DEL ALCAZAR DE LORCA,30,14
300119,CLINICA MEDICO-QUIRURGICA SAN JOSE,30,14
300196,FUNDACION HOSPITAL REAL PIEDAD,30,14
300032,HOSPITAL PSIQUIATRICO ROMAN ALBERCA,30,14
300130,CLINICA DOCTOR BERNAL,30,14
300384,HOSPITAL C. M. VIRGEN DE LA CARIDAD CARTAGENA,30,14
300373,HOSPITAL PERPETUO SOCORRO ALAMEDA,30,14
310137,HOSPITAL REINA SOFIA,31,15
310121,HOSPITAL GARCIA ORCOYEN,31,15
310060,CLINICA UNIVERSIDAD DE NAVARRA,31,15
310109,CENTRO HOSPITALARIO BENITO MENNI,31,15
310057,CLINICA PSIQUIATRICA PADRE MENNI,31,15
310044,HOSPITAL SAN JUAN DE DIOS,31,15
310076,CLINICA SAN MIGUEL - PAMPLONA,31,15
310039,CENTRO SAN FRANCISCO JAVIER,31,15
310142,CLINICA PSICOGERIATRICA JOSEFINA ARREGUI,31,15
310150,COMPLEJO HOSPITALARIO DE NAVARRA,31,15
010040,HOSPITAL SAN JOSE,01,16
010053,HOSPITAL QUIRONSALUD VITORIA,01,16
010066,HOSPITAL DE CUIDADOS SAN ONOFRE SL,01,16
010088,HOSPITAL DE LEZA,01,16
010035,RED DE SALUD MENTAL DE ARABA (HOSPITAL PSIQUIATRICO DE ARABA),01,16
010090,HOSPITAL UNIVERSITARIO ARABA (SEDE TXAGORRITXU Y SEDE SANTIAGO),01,16
200049,MUTUALIA CLINICA PAKEA,20,16
200104,POLICLINICA GIPUZKOA,20,16
200163,HOSPITAL BIDASOA (OSI BIDASOA),20,16
200258,HOSPITAL DE MENDARO (OSI BAJO DEBA),20,16
200185,ORGANIZACION SANITARIA INTEGRADA DEBAGOIENA,20,16
200219,"CLINICA SANTA MARIA DE LA ASUNCION (INVIZA, S. A.)",20,16
200245,HOSPITAL DE ZUMARRAGA (OSI GOIERRI - ALTO UROLA),20,16
200261,HOSPITAL UNIVERSITARIO DONOSTIA,20,16
260048,HOSPITAL DE LA RIOJA,26,17
260027,HOSPITAL SAN PEDRO,26,17
280278,INSTITUTO DE CARDIOLOGÍA DE MADRID,28,13
080636,"CENTRE CARDIOVASCULAR SANT JORDI,S.A",08,09
200111,CENTRO SANITARIO VIRGEN DEL PILAR,20,16
410397,HOSPITAL DE ALTA RESOLUCIÓN SIERRA NORTE,41,01
480084,"CLÍNICA VICENTE SAN SEBASTIÁN, S.A.",48,16
081017,HOSPITAL UNIVERSITARI GENERAL DE CATALUNYA,08,09
081402,"MUTUA DE GRANOLLERS, MUTUA DE PREVISIO SOCIAL A PRIMA FIXA",08,09
200126,HOSPITAL QUIRÓN SALUD DONOSTIA,20,16
040059,HOSPITAL VIRGEN DEL MAR,04,01
110213,HOSPITAL DE ALTA RESOLUCION DE ESPECIALIDADES DE LA JANDA,11,01
290393,FUNDACION CUDECA. CENTRO DE CUIDADOS PALIATIVOS,29,01
220020,CENTRO DE REHABILITACION PSICOSOCIAL SANTO CRISTO DE LOS MILAGROS,22,02
330365,CENTRO TERAPEUTICO VISTA ALEGRE,33,03
070201,POLICLINICA NUESTRA SRA. DEL ROSARIO,07,04
350304,HOSPITEN CLINICA ROCA SAN AGUSTIN,35,05
090085,HOSPITAL RESIDENCIA ASISTIDA DE LA LUZ,09,07
240212,CLINICA PONFERRADA,24,07
240140,HOSPITAL DE LA REINA,24,07
190077,INSTITUTO DE ENFERMEDADES NEUROLOGICAS DE CASTILLA-LA MANCHA,19,08
080885,GERMANES HOSPITALARIES. HOSPITAL SAGRAT COR.,08,09
082112,UNITAT POLIVALENT BENITO MENNI EN SALUT MENTAL DE L'HOSPITALET-EL PRAT DE LLOBREGAT,08,09
082224,SARQUAVITAE BONANOVA,08,09
082213,CENTRE D'HOSPITALITZACIO I HOSPITAL DE DIA TRASTORNS DE LA CONDUCTA,08,09
250210,SANT JOAN DE DEU TERRES DE LLEIDA,25,09
430094,HOSPITAL UNIVERSITARI DE SANT JOAN DE REUS,43,09
200132,FUNDACION ONKOLOGIKOA FUNDAZIOA,20,16
200071,HOSPITAL RICARDO BERMINGHAM,20,16
200271,HOSPITAL SAN JUAN DE DIOS,20,16
200198,HOSPITAL AITA MENNI,20,16
200230,"SANATORIO USURBIL, S. L.",20,16
200270,EIBAR OSPITALEA,20,16
480078,HOSPITAL UNIVERSITARIO BASURTO,48,16
480046,HOSPITAL CRUZ ROJA DE BILBAO (VICTORIA EUGENIA),48,16
480097,CLINICA VIRGEN BLANCA,48,16
480123,"CLINICA GUIMON, S.A.",48,16
480059,SANATORIO BILBAINO,48,16
480160,"CLINICA INDAUTXU, S.A.",48,16
480176,HOSPITAL UNIVERSITARIO CRUCES,48,16
480182,HOSPITAL SAN ELOY,48,16
480209,HOSPITAL GALDAKAO-USANSOLO,48,16
480255,HOSPITAL SAN JUAN DE DIOS,48,16
480305,HOSPITAL QUIRONSALUD BIZKAIA,48,16
480025,HOSPITAL INTERMUTUAL DE EUSKADI,48,16
480031,CLINICA ERCILLA MUTUALIA,48,16
480010,HOSPITAL SANTA MARINA,48,16
480216,HOSPITAL DE GORLIZ,48,16
480293,AMSA SERVICIO DE PSIQUIATRIA,48,16
480195,HOSPITAL DE BERMEO,48,16
480268,HOSPITAL DE ZALDIBAR,48,16
480274,HOSPITAL DE ZAMUDIO,48,16
480316,CLINICA IMQ ZORROTZAURRE,48,16
480327,URDULIZ OSPITALEA,48,16
260109,CLINICA LOS MANZANOS,26,17
260121,CENTRO SOCIOSANITARIO DE CONVALENCENCIA LOS JAZMINES,26,17
260099,FUNDACION HOSPITAL CALAHORRA,26,17
260110,CENTRO ASISTENCIAL ALBELDA DE IREGUA,26,17
260051,POLICLINICO RIOJANO NUESTRA SEÑORA DE VALVANERA,26,17
510039,HOSPITAL UNIVERSITARIO DE CEUTA,51,18
520018,HOSPITAL COMARCAL DE MELILLA,52,19
080446,HOSPITAL UNIVERSITARI QUIRÓN DEXEUS,08,09
410129,HOSPITAL FÁTIMA,41,01
060286,HOSPITAL CLINICA EXTREMEÑA DE SALUD -FASE I-,06,11
030232,HOSPITAL PSIQUIATRICO PENITENCIARIO DE FONTCALENT,03,10
460426,CENTRO HABILITADO ERNEST LLUCH,46,10
060135,CENTRO SOCIOSANITARIO DE MERIDA,06,11
150200,COMPLEXO HOSPITALARIO UNIVERSITARIO DE SANTIAGO,15,12
280035,HOSPITAL UNIVERSITARIO 12 DE OCTUBRE,28,13
280148,"HOSPITAL CENTRAL DE LA CRUZ ROJA, SAN JOSE Y SANTA ADELA",28,13
281214,HOSPITAL CENTRO DE CUIDADOS LAGUNA,28,13
281337,HOSPITAL UNIVERSITARIO DE TORREJON,28,13
300011,HOSPITAL CLINICO UNIVERSITARIO VIRGEN DE LA ARRIXACA,30,14
200202,HOSPITAL PSIQUIATRICO SAN JUAN DE DIOS,20,16
260132,CENTRO SOCIOSANITARIO DE CONVALECENCIA NUESTRA SEÑORA VIRGEN DEL CARMEN,26,17
080266,CLINICA  SOLARIUM,08,09
240205,CLINICA ALTOLLANO,24,07
082034,SERVEIS SANITARIS SANT JOAN DE VILATORRADA,08,09
310116,CENTRO DE REHABILITACIÓN UBARMIN,31,15
480118,HOSPITAL SAN FRANCISCO JAVIER,48,16
081136,CLÍNICA DE VIC,08,09
330320,COMUNIDAD TERAPEUTICA SAN LAZARO,33,03
330322,CTI DE LA CORREDORIA,33,03
082001,SERVEIS SANITARIS LA ROCA DEL VALLES 2,08,09
120160,SERVICIOS SANITARIOS DEL CENTRO PENITENCIARIO DE CASTELLON II (ALBOCASSER),12,10
460057,HOSPITAL DE LA MALVA-ROSA,46,10
030089,SANATORIO SAN JORGE S.L.,03,10
350389,HOSPITAL PARQUE FUERTEVENTURA,35,05
380099,VITHAS HOSPITAL SANTA CRUZ,38,05
250061,CLINICA TERRES DE PONENT,25,09
360195,HOSPITAL HM VIGO,36,12
210059,HOSPITAL BLANCA PALOMA,21,01
030279,CENTRO MEDICO ACUARIO,03,10
290290,HOSPITAL F.A.C. DOCTOR PASCUAL,29,01
250221,REEIXIR,25,09
430333,UNITAT DE REFERENCIA DE PSIQUIATRIA I TRASTORNS DE LA CONDUCTA ALIMENTARIA (URPI),43,09
460095,HOSPITAL NISA VALENCIA AL MAR,46,10
999999,CENTRO SANITARIO DE ALTA RESOLUCION MONCAYO,50,02
020019,Complejo Hospitalario De Albacete,02,08
040097,Hospital Universitario Torrecardenas,04,01
050061,Complejo Asistencial De Ávila,05,07
060016,Complejo Hospitalario Universitario De Badajoz,06,11
060219,Complejo Hospitalario Llerena-Zafra,06,11
060253,Complejo Hospitalario De Don Benito-Villanueva De La Serena,06,11
060264,Complejo Hospitalario Del Área De Salud De Mérida,06,11
090133,Complejo Asistencial Universitario De Burgos,09,07
100089,Complejo Hospitalario De Cáceres,10,11
110012,Hospital Universitario Puerta Del Mar,11,01
140023,Hospital Universitario Reina Sofia,14,01
180114,Hospital Universitario Virgen De La Nieves,18,01
210101,Hospital Universitario Juan Ramon Jimenez,21,01
230119,Hospital Universitario De Jaen,23,01
240191,Complejo Asistencial Universitario De León,24,07
260012,Complejo Hospitalario San Pedro Hospital De La Rioja,26,17
280225,Complejo Hospitalario Gregorio Marañón,28,13
281168,Complejo Hospitalario La Paz,28,13
281405,Complejo Hospitalario Infanta Leonor,28,13
281427,Instituto Psiquiátrico Servicios De Salud Mental José Germain,28,13
290234,Hospital Universitario Regional De Malaga,29,01
290252,Hospital Universitario Virgen De La Victoria,29,01
300351,Complejo Hospitalario De Cartagena Chc,30,14
340063,Complejo Asistencial Universitario De Palencia,34,07
350332,Complejo Hospitalario Universitario De Gran Canaria Dr. Negrin,35,05
370016,Complejo Asistencial Universitario De Salamanca,37,07
380012,Complejo Hospitalario Universitario Nuestra Señora De Candelaria,38,05
380326,Complejo Hospitalario Universitario De Canarias,38,05
410286,Hospital Universitario Virgen Del Rocio,41,01
410299,Hospital Universitario Virgen Macarena,41,01
410303,Hospital Universitario Virgen De Valme,41,01
420040,Complejo Asistencial De Soria,42,07
450092,Complejo Hospitalario De Toledo,45,08
490070,Complejo Asistencial De Zamora,49,07
